{"width": 848, "height": 480, "fx": 434.5079345703125, "fy": 434.5079345703125, "px": 427.6170654296875, "py": 238.77597045898438, "dist_coeffs": [0.0, 0.0, 0.0, 0.0, 0.0]}